Palestinian Territory;PS;ğŸ‡µğŸ‡¸;Palestinian Territory;true
Saudi Arabia;SA;ğŸ‡¸ğŸ‡¦;Saudi Arabia;true
Qatar;QA;ğŸ‡¶ğŸ‡¦;Qatar;true
Turkey;TR;ğŸ‡¹ğŸ‡·;Turkey;true
Algeria;DZ;ğŸ‡©ğŸ‡¿;Algeria;true
Jordan;JO;ğŸ‡¯ğŸ‡´;Jordan;true
Tunisia;TN;ğŸ‡¹ğŸ‡³;Tunisia;true
Egypt;EG;ğŸ‡ªğŸ‡¬;Egypt;true
Morocco;MA;ğŸ‡²ğŸ‡¦;Morocco;true
Lebanon;LB;ğŸ‡±ğŸ‡§;Lebanon;true
Iraq;IQ;ğŸ‡®ğŸ‡¶;Iraq;true
Kuwait;KW;ğŸ‡°ğŸ‡¼;Kuwait;true
United Arab Emirates;AE;ğŸ‡¦ğŸ‡ª;United Arab Emirates;true
Afghanistan;AF;ğŸ‡¦ğŸ‡«;Afghanistan;true
Antigua & Barbuda;AG;ğŸ‡¦ğŸ‡¬;Antigua & Barbuda;true
Anguilla;AI;ğŸ‡¦ğŸ‡®;Anguilla;true
Albania;AL;ğŸ‡¦ğŸ‡±;Albania;true
Armenia;AM;ğŸ‡¦ğŸ‡²;Armenia;true
Angola;AO;ğŸ‡¦ğŸ‡´;Angola;true
Argentina;AR;ğŸ‡¦ğŸ‡·;Argentina;true
Austria;AT;ğŸ‡¦ğŸ‡¹;Austria;true
Australia;AU;ğŸ‡¦ğŸ‡º;Australia;true
Azerbaijan;AZ;ğŸ‡¦ğŸ‡¿;Azerbaijan;true
Bosnia and Herzegovina;BA;ğŸ‡§ğŸ‡¦;Bosnia and Herzegovina;true
Barbados;BB;ğŸ‡§ğŸ‡§;Barbados;true
Belgium;BE;ğŸ‡§ğŸ‡ª;Belgium;true
Burkina Faso;BF;ğŸ‡§ğŸ‡«;Burkina Faso;true
Bulgaria;BG;ğŸ‡§ğŸ‡¬;Bulgaria;true
Bahrain;BH;ğŸ‡§ğŸ‡­;Bahrain;true
Benin;BJ;ğŸ‡§ğŸ‡¯;Benin;true
Bermuda;BM;ğŸ‡§ğŸ‡²;Bermuda;true
Brunei;BN;ğŸ‡§ğŸ‡³;Brunei;true
Bolivia;BO;ğŸ‡§ğŸ‡´;Bolivia;true
Brazil;BR;ğŸ‡§ğŸ‡·;Brazil;true
Bahamas;BS;ğŸ‡§ğŸ‡¸;Bahamas;true
Bhutan;BT;ğŸ‡§ğŸ‡¹;Bhutan;true
Botswana;BW;ğŸ‡§ğŸ‡¼;Botswana;true
Belarus;BY;ğŸ‡§ğŸ‡¾;Belarus;true
Belize;BZ;ğŸ‡§ğŸ‡¿;Belize;true
Canada;CA;ğŸ‡¨ğŸ‡¦;Canada;true
Congo, Democratic Republic Of The;CD;ğŸ‡¨ğŸ‡©;Congo, Democratic Republic Of The;true
Congo, Republic of;CG;ğŸ‡¨ğŸ‡¬;Congo, Republic of;true
Switzerland;CH;ğŸ‡¨ğŸ‡­;Switzerland;true
Cote D'Ivoire;CI;ğŸ‡¨ğŸ‡®;Cote D'Ivoire;true
Chile;CL;ğŸ‡¨ğŸ‡±;Chile;true
Cameroon;CM;ğŸ‡¨ğŸ‡²;Cameroon;true
China;CN;ğŸ‡¨ğŸ‡³;China;true
Columbia;CO;ğŸ‡¨ğŸ‡´;Columbia;true
Costa Rica;CR;ğŸ‡¨ğŸ‡·;Costa Rica;true
Cape Verde;CV;ğŸ‡¨ğŸ‡»;Cape Verde;true
Cyprus;CY;ğŸ‡¨ğŸ‡¾;Cyprus;true
Czech Republic;CZ;ğŸ‡¨ğŸ‡¿;Czech Republic;true
Germany;DE;ğŸ‡©ğŸ‡ª;Germany;true
Denmark;DK;ğŸ‡©ğŸ‡°;Denmark;true
Dominica;DM;ğŸ‡©ğŸ‡²;Dominica;true
Dominican Republic;DO;ğŸ‡©ğŸ‡´;Dominican Republic;true
Ecuador;EC;ğŸ‡ªğŸ‡¨;Ecuador;true
Estonia;EE;ğŸ‡ªğŸ‡ª;Estonia;true
Spain;ES;ğŸ‡ªğŸ‡¸;Spain;true
Finland;FI;ğŸ‡«ğŸ‡®;Finland;true
Fiji;FJ;ğŸ‡«ğŸ‡¯;Fiji;true
Micronesia;FM;ğŸ‡«ğŸ‡²;Micronesia;true
France;FR;ğŸ‡«ğŸ‡·;France;true
Gabon;GA;ğŸ‡¬ğŸ‡¦;Gabon;true
United Kingdom;GB;ğŸ‡¬ğŸ‡§;United Kingdom;true
Grenada;GD;ğŸ‡¬ğŸ‡©;Grenada;true
Georgia;GE;ğŸ‡¬ğŸ‡ª;Georgia;true
Ghana;GH;ğŸ‡¬ğŸ‡­;Ghana;true
Gambia;GM;ğŸ‡¬ğŸ‡²;Gambia;true
Greece;GR;ğŸ‡¬ğŸ‡·;Greece;true
Guatemala;GT;ğŸ‡¬ğŸ‡¹;Guatemala;true
Guinea-Bissau;GW;ğŸ‡¬ğŸ‡¼;Guinea-Bissau;true
Guyana;GY;ğŸ‡¬ğŸ‡¾;Guyana;true
Hong Kong;HK;ğŸ‡­ğŸ‡°;Hong Kong;true
Honduras;HN;ğŸ‡­ğŸ‡³;Honduras;true
Croatia;HR;ğŸ‡­ğŸ‡·;Croatia;true
Hungary;HU;ğŸ‡­ğŸ‡º;Hungary;true
Indonesia;ID;ğŸ‡®ğŸ‡©;Indonesia;true
Ireland;IE;ğŸ‡®ğŸ‡ª;Ireland;true
India;IN;ğŸ‡®ğŸ‡³;India;true
Iceland;IS;ğŸ‡®ğŸ‡¸;Iceland;true
Italy;IT;ğŸ‡®ğŸ‡¹;Italy;true
Jamaica;JM;ğŸ‡¯ğŸ‡²;Jamaica;true
Japan;JP;ğŸ‡¯ğŸ‡µ;Japan;true
Kenya;KE;ğŸ‡°ğŸ‡ª;Kenya;true
Kyrgyzstan;KG;ğŸ‡°ğŸ‡¬;Kyrgyzstan;true
Cambodia;KH;ğŸ‡°ğŸ‡­;Cambodia;true
St. Kitts & Nevis;KN;ğŸ‡°ğŸ‡³;St. Kitts & Nevis;true
South Korea;KR;ğŸ‡°ğŸ‡·;South Korea;true
Cayman Islands;KY;ğŸ‡°ğŸ‡¾;Cayman Islands;true
Kazakhstan;KZ;ğŸ‡°ğŸ‡¿;Kazakhstan;true
Laos;LA;ğŸ‡±ğŸ‡¦;Laos;true
Saint Lucia;LC;ğŸ‡±ğŸ‡¨;Saint Lucia;true
Sri Lanka;LK;ğŸ‡±ğŸ‡°;Sri Lanka;true
Liberia;LR;ğŸ‡±ğŸ‡·;Liberia;true
Lithuania;LT;ğŸ‡±ğŸ‡¹;Lithuania;true
Luxembourg;LU;ğŸ‡±ğŸ‡º;Luxembourg;true
Latvia;LV;ğŸ‡±ğŸ‡»;Latvia;true
Libya;LY;ğŸ‡±ğŸ‡¾;Libya;true
Moldova;MD;ğŸ‡²ğŸ‡©;Moldova;true
Montenegro;ME;ğŸ‡²ğŸ‡ª;Montenegro;true
Macedonia;MK;ğŸ‡²ğŸ‡°;Macedonia;true
Mali;ML;ğŸ‡²ğŸ‡±;Mali;true
Myanmar;MM;ğŸ‡²ğŸ‡²;Myanmar;true
Mongolia;MN;ğŸ‡²ğŸ‡³;Mongolia;true
Macau;MO;ğŸ‡²ğŸ‡´;Macau;true
Mauritania;MR;ğŸ‡²ğŸ‡·;Mauritania;true
Montserrat;MS;ğŸ‡²ğŸ‡¸;Montserrat;true
Malta;MT;ğŸ‡²ğŸ‡¹;Malta;true
Mauritius;MU;ğŸ‡²ğŸ‡º;Mauritius;true
Maldives;MV;ğŸ‡²ğŸ‡»;Maldives;true
Malawi;MW;ğŸ‡²ğŸ‡¼;Malawi;true
Mexico;MX;ğŸ‡²ğŸ‡½;Mexico;true
Malaysia;MY;ğŸ‡²ğŸ‡¾;Malaysia;true
Mozambique;MZ;ğŸ‡²ğŸ‡¿;Mozambique;true
Namibia;NA;ğŸ‡³ğŸ‡¦;Namibia;true
Niger;NE;ğŸ‡³ğŸ‡ª;Niger;true
Nigeria;NG;ğŸ‡³ğŸ‡¬;Nigeria;true
Nicaragua;NI;ğŸ‡³ğŸ‡®;Nicaragua;true
Netherlands;NL;ğŸ‡³ğŸ‡±;Netherlands;true
Norway;NO;ğŸ‡³ğŸ‡´;Norway;true
Nepal;NP;ğŸ‡³ğŸ‡µ;Nepal;true
Nauru;NR;ğŸ‡³ğŸ‡·;Nauru;true
New Zealand;NZ;ğŸ‡³ğŸ‡¿;New Zealand;true
Oman;OM;ğŸ‡´ğŸ‡²;Oman;true
Panama;PA;ğŸ‡µğŸ‡¦;Panama;true
Peru;PE;ğŸ‡µğŸ‡ª;Peru;true
Papua New Guinea;PG;ğŸ‡µğŸ‡¬;Papua New Guinea;true
Philippines;PH;ğŸ‡µğŸ‡­;Philippines;true
Pakistan;PK;ğŸ‡µğŸ‡°;Pakistan;true
Poland;PL;ğŸ‡µğŸ‡±;Poland;true
Portugal;PT;ğŸ‡µğŸ‡¹;Portugal;true
Palau;PW;ğŸ‡µğŸ‡¼;Palau;true
Paraguay;PY;ğŸ‡µğŸ‡¾;Paraguay;true
Romania;RO;ğŸ‡·ğŸ‡´;Romania;true
Serbia;RS;ğŸ‡·ğŸ‡¸;Serbia;true
Russia;RU;ğŸ‡·ğŸ‡º;Russia;true
Rwanda;RW;ğŸ‡·ğŸ‡¼;Rwanda;true
Solomon Islands;SB;ğŸ‡¸ğŸ‡§;Solomon Islands;true
Seychelles;SC;ğŸ‡¸ğŸ‡¨;Seychelles;true
Sweden;SE;ğŸ‡¸ğŸ‡ª;Sweden;true
Singapore;SG;ğŸ‡¸ğŸ‡¬;Singapore;true
Slovenia;SI;ğŸ‡¸ğŸ‡®;Slovenia;true
Slovakia;SK;ğŸ‡¸ğŸ‡°;Slovakia;true
Sierra Leone;SL;ğŸ‡¸ğŸ‡±;Sierra Leone;true
Senegal;SN;ğŸ‡¸ğŸ‡³;Senegal;true
Suriname;SR;ğŸ‡¸ğŸ‡·;Suriname;true
Sao Tome & Principe;ST;ğŸ‡¸ğŸ‡¹;Sao Tome & Principe;true
El Salvador;SV;ğŸ‡¸ğŸ‡»;El Salvador;true
Swaziland;SZ;ğŸ‡¸ğŸ‡¿;Swaziland;true
Chad;TD;ğŸ‡¹ğŸ‡©;Chad;true
Thailand;TH;ğŸ‡¹ğŸ‡­;Thailand;true
Tajikistan;TJ;ğŸ‡¹ğŸ‡¯;Tajikistan;true
Turkmenistan;TM;ğŸ‡¹ğŸ‡²;Turkmenistan;true
Turks & Caicos;TC;ğŸ‡¹ğŸ‡¨;Turks & Caicos;true
Tonga;TO;ğŸ‡¹ğŸ‡´;Tonga;true
Trinidad & Tobago;TT;ğŸ‡¹ğŸ‡¹;Trinidad & Tobago;true
Taiwan;TW;ğŸ‡¹ğŸ‡¼;Taiwan;true
Tanzania;TZ;ğŸ‡¹ğŸ‡¿;Tanzania;true
Ukraine;UA;ğŸ‡ºğŸ‡¦;Ukraine;true
Uganda;UG;ğŸ‡ºğŸ‡¬;Uganda;true
United States;US;ğŸ‡ºğŸ‡¸;United States;true
Uruguay;UY;ğŸ‡ºğŸ‡¾;Uruguay;true
Uzbekistan;UZ;ğŸ‡ºğŸ‡¿;Uzbekistan;true
St. Vincent & The Grenadines;VC;ğŸ‡»ğŸ‡¨;St. Vincent & The Grenadines;true
Venezuela;VE;ğŸ‡»ğŸ‡¨;Venezuela;true
Virgin Islands;VI;ğŸ‡»ğŸ‡®;Virgin Islands;true
Vietnam;VN;ğŸ‡»ğŸ‡³;Vietnam;true
Vanuatu;VU;ğŸ‡°ğŸ‡³;Vanuatu;true
Kosovo;XK;ğŸ‡½ğŸ‡°;Kosovo;true
Yemen;YE;ğŸ‡¾ğŸ‡ª;Yemen;true
South Africa;ZA;ğŸ‡¿ğŸ‡¦;South Africa;true
Zambia;ZM;ğŸ‡¿ğŸ‡²;Zambia;true
Zimbabwe;ZW;ğŸ‡¿ğŸ‡¼;Zimbabwe;true
Andorra;AD;ğŸ‡¦ğŸ‡©;Andorra;false
Antarctica;AQ;ğŸ‡¦ğŸ‡¶;Antarctica;false
American Samoa;AS;ğŸ‡¦ğŸ‡¸;American Samoa;false
Aruba;AW;ğŸ‡¦ğŸ‡¼;Aruba;false
Ã…land Islands;AX;ğŸ‡¦ğŸ‡½;Ã…land Islands;false
Bangladesh;BD;ğŸ‡§ğŸ‡©;Bangladesh;false
Burundi;BI;ğŸ‡§ğŸ‡®;Burundi;false
Saint BarthÃ©lemy;BL;ğŸ‡§ğŸ‡±;Saint BarthÃ©lemy;false
Bonaire, Sint Eustatius and Saba;BQ;ğŸ‡§ğŸ‡¶;Bonaire, Sint Eustatius and Saba;false
Bouvet Island;BV;ğŸ‡§ğŸ‡»;Bouvet Island;false
Cocos (Keeling) Islands;CC;ğŸ‡¨ğŸ‡¨;Cocos (Keeling) Islands;false
Central African Republic;CF;ğŸ‡¨ğŸ‡«;Central African Republic;false
Cook Islands;CK;ğŸ‡¨ğŸ‡°;Cook Islands;false
Cameroon;CM;ğŸ‡¨ğŸ‡²;Cameroon;false
Cuba;CU;ğŸ‡¨ğŸ‡º;Cuba;false
CuraÃ§ao;CW;ğŸ‡¨ğŸ‡¼;CuraÃ§ao;false
Christmas Island;CX;ğŸ‡¨ğŸ‡½;Christmas Island;false
Djibouti;DJ;ğŸ‡©ğŸ‡¯;Djibouti;false
Western Sahara;EH;ğŸ‡ªğŸ‡­;Western Sahara;false
Eritrea;ER;ğŸ‡ªğŸ‡·;Eritrea;false
Ethiopia;ET;ğŸ‡ªğŸ‡¹;Ethiopia;false
Falkland Islands (Malvinas);FK;ğŸ‡«ğŸ‡°;Falkland Islands (Malvinas);false
Faroe Islands;FO;ğŸ‡«ğŸ‡´;Faroe Islands;false
French Guiana;GF;ğŸ‡¬ğŸ‡«;French Guiana;false
Guernsey;GG;ğŸ‡¬ğŸ‡¬;Guernsey;false
Gibraltar;GI;ğŸ‡¬ğŸ‡®;Gibraltar;false
Greenland;GL;ğŸ‡¬ğŸ‡±;Greenland;false
Guinea;GN;ğŸ‡¬ğŸ‡³;Guinea;false
Guadeloupe;GP;ğŸ‡¬ğŸ‡µ;Guadeloupe;false
Equatorial Guinea;GQ;ğŸ‡¬ğŸ‡¶;Equatorial Guinea;false
South Georgia;GS;ğŸ‡¬ğŸ‡¸;South Georgia;false
Guam;GU;ğŸ‡¬ğŸ‡º;Guam;false
Heard Island and Mcdonald Islands;HM;ğŸ‡­ğŸ‡²;Heard Island and Mcdonald Islands;false
Haiti;HT;ğŸ‡­ğŸ‡¹;Haiti;false
Isle of Man;IM;ğŸ‡®ğŸ‡²;Isle of Man;false
British Indian Ocean Territory;IO;ğŸ‡®ğŸ‡´;British Indian Ocean Territory;false
Iran;IR;ğŸ‡®ğŸ‡·;Iran;false
Jersey;JE;ğŸ‡¯ğŸ‡ª;Jersey;false
Kiribati;KI;ğŸ‡°ğŸ‡®;Kiribati;false
Comoros;KM;ğŸ‡°ğŸ‡²;Comoros;false
North Korea;KP;ğŸ‡°ğŸ‡µ;North Korea;false
Liechtenstein;LI;ğŸ‡±ğŸ‡®;Liechtenstein;false
Lesotho;LS;ğŸ‡±ğŸ‡¸;Lesotho;false
Monaco;MC;ğŸ‡²ğŸ‡¨;Monaco;false
Saint Martin (French Part);MF;ğŸ‡²ğŸ‡«;Saint Martin (French Part);false
Madagascar;MG;ğŸ‡²ğŸ‡¬;Madagascar;true
Marshall Islands;MH;ğŸ‡²ğŸ‡­;Marshall Islands;false
Northern Mariana Islands;MP;ğŸ‡²ğŸ‡µ;Northern Mariana Islands;false
Martinique;MQ;ğŸ‡²ğŸ‡¶;Martinique;false
New Caledonia;NC;ğŸ‡³ğŸ‡¨;New Caledonia;false
Norfolk Island;NF;ğŸ‡³ğŸ‡«;Norfolk Island;false
Nauru;NR;ğŸ‡³ğŸ‡·;Nauru;false
Niue;NU;ğŸ‡³ğŸ‡º;Niue;false
French Polynesia;PF;ğŸ‡µğŸ‡«;French Polynesia;false
Saint Pierre and Miquelon;PM;ğŸ‡µğŸ‡²;Saint Pierre and Miquelon;false
Pitcairn;PN;ğŸ‡µğŸ‡³;Pitcairn;false
Puerto Rico;PR;ğŸ‡µğŸ‡·;Puerto Rico;false
RÃ©union;RE;ğŸ‡·ğŸ‡ª;RÃ©union;false
Sudan;SD;ğŸ‡¸ğŸ‡©;Sudan;false
Saint Helena, Ascension and Tristan Da Cunha;SH;ğŸ‡¸ğŸ‡­;Saint Helena, Ascension and Tristan Da Cunha;false
Svalbard and Jan Mayen;SJ;ğŸ‡¸ğŸ‡¯;Svalbard and Jan Mayen;false
San Marino;SM;ğŸ‡¸ğŸ‡²;San Marino;false
Somalia;SO;ğŸ‡¸ğŸ‡´;Somalia;false
South Sudan;SS;ğŸ‡¸ğŸ‡¸;South Sudan;false
Sint Maarten (Dutch Part);SX;ğŸ‡¸ğŸ‡½;Sint Maarten (Dutch Part);false
Syrian Arab Republic;SY;ğŸ‡¸ğŸ‡¾;Syrian Arab Republic;false
French Southern Territories;TF;ğŸ‡¹ğŸ‡«;French Southern Territories;false
Togo;TG;ğŸ‡¹ğŸ‡¬;Togo;false
Tokelau;TK;ğŸ‡¹ğŸ‡°;Tokelau;false
Timor-Leste;TL;ğŸ‡¹ğŸ‡±;Timor-Leste;false
Tuvalu;TV;ğŸ‡¹ğŸ‡»;Tuvalu;false
Vatican City;VA;ğŸ‡»ğŸ‡¦;Vatican City;false
Virgin Islands, British;VG;ğŸ‡»ğŸ‡¬;Virgin Islands, British;false
Wallis and Futuna;WF;ğŸ‡¼ğŸ‡«;Wallis and Futuna;false
Samoa;WS;ğŸ‡¼ğŸ‡¸;Samoa;false
Mayotte;YT;ğŸ‡¾ğŸ‡¹;Mayotte;false
